Role,Task,Context,Goal,Best_AI
Data Scientist,Build prediction model,E-commerce,Automation,ChatGPT
Data Scientist,Create business proposal,Government,Academic Project,ChatGPT
Software Engineer,Debug Python code,Finance,Automation,ChatGPT
Data Scientist,Debug Python code,Government,Automation,ChatGPT
Software Engineer,Build prediction model,Technology,Research,ChatGPT
Data Scientist,Build prediction model,Legal,Research,ChatGPT
Machine Learning Engineer,Debug Python code,Finance,Learning,ChatGPT
Machine Learning Engineer,Create business proposal,Startup,Interview Preparation,ChatGPT
Software Engineer,Build prediction model,Finance,Decision Support,ChatGPT
Machine Learning Engineer,Create business proposal,E-commerce,Academic Project,ChatGPT
Machine Learning Engineer,Debug Python code,E-commerce,Academic Project,ChatGPT
Machine Learning Engineer,Create business proposal,Legal,Business Growth,ChatGPT
Software Engineer,Create business proposal,Startup,Academic Project,ChatGPT
Data Scientist,Create business proposal,E-commerce,Business Growth,ChatGPT
Machine Learning Engineer,Create business proposal,Government,Automation,ChatGPT
Software Engineer,Debug Python code,Legal,Learning,ChatGPT
Software Engineer,Create business proposal,Legal,Automation,ChatGPT
Data Scientist,Build prediction model,Education,Research,ChatGPT
Data Scientist,Create business proposal,Government,Research,ChatGPT
Data Scientist,Build prediction model,Legal,Automation,ChatGPT
Machine Learning Engineer,Debug Python code,Healthcare,Academic Project,ChatGPT
Data Scientist,Build prediction model,Technology,Academic Project,ChatGPT
Data Scientist,Build prediction model,Government,Research,ChatGPT
Data Scientist,Create business proposal,Finance,Decision Support,ChatGPT
Software Engineer,Build prediction model,Manufacturing,Business Growth,ChatGPT
Data Scientist,Create business proposal,Startup,Decision Support,ChatGPT
Software Engineer,Create business proposal,Startup,Decision Support,ChatGPT
Software Engineer,Build prediction model,Education,Decision Support,ChatGPT
Data Scientist,Build prediction model,Retail,Interview Preparation,ChatGPT
Machine Learning Engineer,Debug Python code,Healthcare,Automation,ChatGPT
Software Engineer,Create business proposal,Retail,Academic Project,ChatGPT
Software Engineer,Create business proposal,Retail,Decision Support,ChatGPT
Data Scientist,Create business proposal,Manufacturing,Automation,ChatGPT
Data Scientist,Build prediction model,Manufacturing,Deployment,ChatGPT
Machine Learning Engineer,Debug Python code,E-commerce,Automation,ChatGPT
Software Engineer,Create business proposal,Government,Automation,ChatGPT
Software Engineer,Debug Python code,Healthcare,Automation,ChatGPT
Machine Learning Engineer,Debug Python code,Government,Automation,ChatGPT
Software Engineer,Create business proposal,Education,Optimization,ChatGPT
Software Engineer,Build prediction model,Manufacturing,Automation,ChatGPT
Data Scientist,Build prediction model,Legal,Learning,ChatGPT
Data Scientist,Debug Python code,Finance,Interview Preparation,ChatGPT
Software Engineer,Debug Python code,E-commerce,Automation,ChatGPT
Software Engineer,Build prediction model,Education,Research,ChatGPT
Software Engineer,Build prediction model,Government,Academic Project,ChatGPT
Software Engineer,Debug Python code,E-commerce,Business Growth,ChatGPT
Machine Learning Engineer,Debug Python code,Manufacturing,Interview Preparation,ChatGPT
Software Engineer,Build prediction model,Startup,Presentation,ChatGPT
Data Scientist,Create business proposal,Government,Presentation,ChatGPT
Machine Learning Engineer,Debug Python code,Healthcare,Optimization,ChatGPT
Data Scientist,Build prediction model,Healthcare,Interview Preparation,ChatGPT
Data Scientist,Create business proposal,Education,Interview Preparation,ChatGPT
Software Engineer,Debug Python code,Technology,Academic Project,ChatGPT
Software Engineer,Create business proposal,E-commerce,Optimization,ChatGPT
Data Scientist,Debug Python code,Manufacturing,Optimization,ChatGPT
Machine Learning Engineer,Build prediction model,E-commerce,Deployment,ChatGPT
Machine Learning Engineer,Debug Python code,Startup,Presentation,ChatGPT
Software Engineer,Build prediction model,Technology,Optimization,ChatGPT
Data Scientist,Debug Python code,Government,Research,ChatGPT
Software Engineer,Debug Python code,Legal,Research,ChatGPT
Data Scientist,Create business proposal,Startup,Optimization,ChatGPT
Data Scientist,Create business proposal,Startup,Academic Project,ChatGPT
Software Engineer,Debug Python code,Government,Business Growth,ChatGPT
Data Scientist,Debug Python code,Legal,Automation,ChatGPT
Machine Learning Engineer,Build prediction model,Healthcare,Academic Project,ChatGPT
Software Engineer,Debug Python code,Legal,Business Growth,ChatGPT
Data Scientist,Build prediction model,Government,Learning,ChatGPT
Software Engineer,Debug Python code,Education,Decision Support,ChatGPT
Data Scientist,Create business proposal,Education,Learning,ChatGPT
Machine Learning Engineer,Build prediction model,Healthcare,Deployment,ChatGPT
Data Scientist,Debug Python code,Legal,Decision Support,ChatGPT
Data Scientist,Debug Python code,E-commerce,Business Growth,ChatGPT
Software Engineer,Debug Python code,Legal,Learning,ChatGPT
Software Engineer,Create business proposal,Finance,Learning,ChatGPT
Software Engineer,Debug Python code,Retail,Deployment,ChatGPT
Software Engineer,Debug Python code,E-commerce,Learning,ChatGPT
Software Engineer,Build prediction model,Legal,Decision Support,ChatGPT
Machine Learning Engineer,Debug Python code,Finance,Research,ChatGPT
Machine Learning Engineer,Debug Python code,Finance,Optimization,ChatGPT
Data Scientist,Build prediction model,Manufacturing,Optimization,ChatGPT
Machine Learning Engineer,Create business proposal,E-commerce,Research,ChatGPT
Software Engineer,Create business proposal,Government,Automation,ChatGPT
Software Engineer,Create business proposal,Legal,Optimization,ChatGPT
Data Scientist,Build prediction model,Government,Research,ChatGPT
Machine Learning Engineer,Create business proposal,Startup,Decision Support,ChatGPT
Machine Learning Engineer,Create business proposal,Manufacturing,Business Growth,ChatGPT
Machine Learning Engineer,Build prediction model,Government,Interview Preparation,ChatGPT
Software Engineer,Build prediction model,Technology,Optimization,ChatGPT
Machine Learning Engineer,Build prediction model,E-commerce,Decision Support,ChatGPT
Data Scientist,Debug Python code,Startup,Decision Support,ChatGPT
Software Engineer,Debug Python code,Startup,Automation,ChatGPT
Software Engineer,Debug Python code,E-commerce,Presentation,ChatGPT
Machine Learning Engineer,Build prediction model,Technology,Automation,ChatGPT
Machine Learning Engineer,Debug Python code,Education,Interview Preparation,ChatGPT
Software Engineer,Debug Python code,Government,Presentation,ChatGPT
Software Engineer,Debug Python code,Retail,Business Growth,ChatGPT
Data Scientist,Create business proposal,Legal,Presentation,ChatGPT
Machine Learning Engineer,Create business proposal,Retail,Business Growth,ChatGPT
Machine Learning Engineer,Debug Python code,Startup,Decision Support,ChatGPT
Machine Learning Engineer,Build prediction model,Finance,Research,ChatGPT
Machine Learning Engineer,Build prediction model,Government,Academic Project,ChatGPT
Software Engineer,Build prediction model,Education,Automation,ChatGPT
Machine Learning Engineer,Build prediction model,Government,Presentation,ChatGPT
Software Engineer,Build prediction model,Manufacturing,Optimization,ChatGPT
Machine Learning Engineer,Build prediction model,Healthcare,Deployment,ChatGPT
Machine Learning Engineer,Create business proposal,Government,Optimization,ChatGPT
Software Engineer,Build prediction model,Manufacturing,Presentation,ChatGPT
Machine Learning Engineer,Create business proposal,Manufacturing,Business Growth,ChatGPT
Data Scientist,Create business proposal,Healthcare,Learning,ChatGPT
Data Scientist,Debug Python code,Finance,Learning,ChatGPT
Software Engineer,Debug Python code,Startup,Learning,ChatGPT
Machine Learning Engineer,Build prediction model,Legal,Learning,ChatGPT
Machine Learning Engineer,Debug Python code,Retail,Interview Preparation,ChatGPT
Machine Learning Engineer,Debug Python code,Finance,Interview Preparation,ChatGPT
Software Engineer,Debug Python code,Technology,Business Growth,ChatGPT
Machine Learning Engineer,Create business proposal,Finance,Optimization,ChatGPT
Data Scientist,Build prediction model,Legal,Business Growth,ChatGPT
Data Scientist,Create business proposal,Finance,Business Growth,ChatGPT
Data Scientist,Debug Python code,Startup,Optimization,ChatGPT
Data Scientist,Debug Python code,Finance,Optimization,ChatGPT
Data Scientist,Build prediction model,Technology,Academic Project,ChatGPT
Machine Learning Engineer,Create business proposal,Manufacturing,Deployment,ChatGPT
Data Scientist,Build prediction model,Healthcare,Learning,ChatGPT
Machine Learning Engineer,Build prediction model,Retail,Business Growth,ChatGPT
Data Scientist,Create business proposal,Startup,Optimization,ChatGPT
Machine Learning Engineer,Build prediction model,Technology,Research,ChatGPT
Software Engineer,Build prediction model,Retail,Automation,ChatGPT
Data Scientist,Create business proposal,Manufacturing,Deployment,ChatGPT
Machine Learning Engineer,Debug Python code,Retail,Automation,ChatGPT
Machine Learning Engineer,Build prediction model,Technology,Research,ChatGPT
Data Scientist,Debug Python code,Finance,Automation,ChatGPT
Data Scientist,Debug Python code,Retail,Presentation,ChatGPT
Software Engineer,Build prediction model,E-commerce,Learning,ChatGPT
Data Scientist,Create business proposal,Legal,Presentation,ChatGPT
Machine Learning Engineer,Build prediction model,Government,Deployment,ChatGPT
Machine Learning Engineer,Build prediction model,Startup,Automation,ChatGPT
Machine Learning Engineer,Debug Python code,Government,Business Growth,ChatGPT
Data Scientist,Build prediction model,Startup,Optimization,ChatGPT
Machine Learning Engineer,Debug Python code,E-commerce,Research,ChatGPT
Software Engineer,Build prediction model,Healthcare,Decision Support,ChatGPT
Software Engineer,Debug Python code,Government,Research,ChatGPT
Software Engineer,Debug Python code,Technology,Research,ChatGPT
Machine Learning Engineer,Build prediction model,Education,Interview Preparation,ChatGPT
Software Engineer,Debug Python code,Manufacturing,Presentation,ChatGPT
Data Scientist,Create business proposal,Healthcare,Business Growth,ChatGPT
Machine Learning Engineer,Debug Python code,E-commerce,Academic Project,ChatGPT
Data Scientist,Create business proposal,Technology,Automation,ChatGPT
Machine Learning Engineer,Build prediction model,Startup,Optimization,ChatGPT
Data Scientist,Create business proposal,Healthcare,Optimization,ChatGPT
Data Scientist,Debug Python code,Startup,Academic Project,ChatGPT
Software Engineer,Create business proposal,Finance,Business Growth,ChatGPT
Machine Learning Engineer,Create business proposal,Technology,Presentation,ChatGPT
Software Engineer,Build prediction model,Startup,Presentation,ChatGPT
Machine Learning Engineer,Create business proposal,Technology,Automation,ChatGPT
Data Scientist,Debug Python code,Education,Research,ChatGPT
Software Engineer,Debug Python code,Startup,Optimization,ChatGPT
Machine Learning Engineer,Debug Python code,Retail,Research,ChatGPT
Data Scientist,Create business proposal,Retail,Presentation,ChatGPT
Software Engineer,Build prediction model,Legal,Optimization,ChatGPT
Software Engineer,Debug Python code,Technology,Optimization,ChatGPT
Data Scientist,Debug Python code,Education,Presentation,ChatGPT
Machine Learning Engineer,Debug Python code,Technology,Learning,ChatGPT
Machine Learning Engineer,Build prediction model,Manufacturing,Deployment,ChatGPT
Software Engineer,Build prediction model,Manufacturing,Presentation,ChatGPT
Data Scientist,Debug Python code,Retail,Academic Project,ChatGPT
Machine Learning Engineer,Debug Python code,Manufacturing,Decision Support,ChatGPT
Machine Learning Engineer,Build prediction model,Healthcare,Automation,ChatGPT
Data Scientist,Build prediction model,Retail,Interview Preparation,ChatGPT
Data Scientist,Debug Python code,Startup,Presentation,ChatGPT
Software Engineer,Create business proposal,Technology,Automation,ChatGPT
Data Scientist,Debug Python code,Government,Learning,ChatGPT
Software Engineer,Build prediction model,Finance,Business Growth,ChatGPT
Data Scientist,Create business proposal,Startup,Learning,ChatGPT
Software Engineer,Build prediction model,Government,Business Growth,ChatGPT
Data Scientist,Create business proposal,Education,Academic Project,ChatGPT
Machine Learning Engineer,Create business proposal,Startup,Interview Preparation,ChatGPT
Data Scientist,Create business proposal,Retail,Business Growth,ChatGPT
Machine Learning Engineer,Build prediction model,Legal,Decision Support,ChatGPT
Machine Learning Engineer,Build prediction model,E-commerce,Automation,ChatGPT
Software Engineer,Build prediction model,Healthcare,Deployment,ChatGPT
Machine Learning Engineer,Create business proposal,Education,Presentation,ChatGPT
Data Scientist,Create business proposal,Legal,Academic Project,ChatGPT
Data Scientist,Build prediction model,Healthcare,Business Growth,ChatGPT
Software Engineer,Build prediction model,Startup,Deployment,ChatGPT
Data Scientist,Debug Python code,Legal,Decision Support,ChatGPT
Data Scientist,Create business proposal,Retail,Decision Support,ChatGPT
Software Engineer,Debug Python code,Startup,Automation,ChatGPT
Software Engineer,Create business proposal,Finance,Presentation,ChatGPT
Software Engineer,Debug Python code,Legal,Interview Preparation,ChatGPT
Machine Learning Engineer,Build prediction model,Education,Automation,ChatGPT
Data Scientist,Create business proposal,Education,Business Growth,ChatGPT
Data Scientist,Build prediction model,Technology,Automation,ChatGPT
Software Engineer,Debug Python code,Retail,Research,ChatGPT
Data Scientist,Debug Python code,Retail,Research,ChatGPT
Software Engineer,Build prediction model,Legal,Optimization,ChatGPT
Data Scientist,Build prediction model,Retail,Research,ChatGPT
Machine Learning Engineer,Debug Python code,E-commerce,Learning,ChatGPT
Data Scientist,Build prediction model,Startup,Interview Preparation,ChatGPT
Software Engineer,Create business proposal,Healthcare,Optimization,ChatGPT
Software Engineer,Create business proposal,Legal,Automation,ChatGPT
Content Writer,Summarize documents,Education,Academic Project,Claude
Content Writer,Generate lesson plan,Technology,Deployment,Claude
Content Writer,Write research report,Manufacturing,Business Growth,Claude
Law Student,Write research report,Government,Decision Support,Claude
Content Writer,Write research report,Startup,Deployment,Claude
Teacher,Generate lesson plan,E-commerce,Learning,Claude
Teacher,Write research report,Healthcare,Research,Claude
Content Writer,Write research report,Startup,Optimization,Claude
Teacher,Summarize documents,E-commerce,Presentation,Claude
Law Student,Write research report,Technology,Automation,Claude
Law Student,Write research report,Manufacturing,Academic Project,Claude
Teacher,Write research report,Retail,Academic Project,Claude
Law Student,Generate lesson plan,Manufacturing,Presentation,Claude
Content Writer,Summarize documents,Education,Learning,Claude
Law Student,Write research report,Startup,Interview Preparation,Claude
Content Writer,Write research report,E-commerce,Deployment,Claude
Law Student,Summarize documents,Legal,Interview Preparation,Claude
Teacher,Generate lesson plan,Retail,Academic Project,Claude
Teacher,Generate lesson plan,Legal,Automation,Claude
Teacher,Generate lesson plan,Government,Automation,Claude
Teacher,Write research report,Education,Optimization,Claude
Teacher,Generate lesson plan,Government,Research,Claude
Law Student,Generate lesson plan,Education,Interview Preparation,Claude
Law Student,Write research report,Healthcare,Business Growth,Claude
Teacher,Summarize documents,Manufacturing,Decision Support,Claude
Content Writer,Write research report,Legal,Decision Support,Claude
Content Writer,Summarize documents,E-commerce,Optimization,Claude
Content Writer,Write research report,Healthcare,Interview Preparation,Claude
Content Writer,Summarize documents,Finance,Presentation,Claude
Teacher,Write research report,Technology,Business Growth,Claude
Content Writer,Summarize documents,Technology,Decision Support,Claude
Law Student,Summarize documents,Startup,Presentation,Claude
Content Writer,Generate lesson plan,Finance,Decision Support,Claude
Content Writer,Generate lesson plan,Manufacturing,Deployment,Claude
Content Writer,Summarize documents,Finance,Deployment,Claude
Law Student,Write research report,Legal,Business Growth,Claude
Teacher,Generate lesson plan,Finance,Learning,Claude
Teacher,Summarize documents,Healthcare,Optimization,Claude
Content Writer,Summarize documents,Finance,Learning,Claude
Law Student,Generate lesson plan,Startup,Optimization,Claude
Teacher,Summarize documents,Government,Automation,Claude
Teacher,Generate lesson plan,Legal,Decision Support,Claude
Content Writer,Summarize documents,E-commerce,Learning,Claude
Law Student,Summarize documents,Government,Interview Preparation,Claude
Teacher,Generate lesson plan,Startup,Research,Claude
Teacher,Generate lesson plan,Education,Optimization,Claude
Teacher,Summarize documents,Healthcare,Academic Project,Claude
Content Writer,Write research report,Retail,Deployment,Claude
Content Writer,Summarize documents,Legal,Optimization,Claude
Teacher,Generate lesson plan,Education,Optimization,Claude
Content Writer,Write research report,Manufacturing,Presentation,Claude
Content Writer,Write research report,E-commerce,Decision Support,Claude
Content Writer,Generate lesson plan,Startup,Optimization,Claude
Law Student,Write research report,Healthcare,Automation,Claude
Teacher,Generate lesson plan,E-commerce,Research,Claude
Content Writer,Write research report,Legal,Academic Project,Claude
Law Student,Write research report,Education,Business Growth,Claude
Law Student,Generate lesson plan,Government,Decision Support,Claude
Content Writer,Summarize documents,Healthcare,Learning,Claude
Teacher,Write research report,Technology,Learning,Claude
Law Student,Summarize documents,Manufacturing,Research,Claude
Teacher,Write research report,Education,Optimization,Claude
Teacher,Write research report,Finance,Automation,Claude
Content Writer,Summarize documents,Finance,Learning,Claude
Teacher,Write research report,Education,Academic Project,Claude
Law Student,Summarize documents,E-commerce,Deployment,Claude
Teacher,Generate lesson plan,Education,Research,Claude
Law Student,Generate lesson plan,Finance,Business Growth,Claude
Law Student,Summarize documents,Retail,Optimization,Claude
Law Student,Write research report,Education,Presentation,Claude
Content Writer,Summarize documents,Startup,Research,Claude
Content Writer,Summarize documents,Finance,Research,Claude
Teacher,Generate lesson plan,Legal,Research,Claude
Law Student,Summarize documents,Government,Learning,Claude
Law Student,Summarize documents,Healthcare,Presentation,Claude
Content Writer,Summarize documents,Retail,Decision Support,Claude
Content Writer,Generate lesson plan,Legal,Academic Project,Claude
Teacher,Generate lesson plan,Retail,Presentation,Claude
Law Student,Generate lesson plan,Legal,Deployment,Claude
Content Writer,Write research report,Technology,Interview Preparation,Claude
Content Writer,Generate lesson plan,Government,Learning,Claude
Law Student,Summarize documents,Technology,Business Growth,Claude
Law Student,Summarize documents,Education,Deployment,Claude
Teacher,Summarize documents,Finance,Research,Claude
Law Student,Write research report,Education,Decision Support,Claude
Law Student,Write research report,Healthcare,Deployment,Claude
Teacher,Write research report,Retail,Automation,Claude
Teacher,Generate lesson plan,Startup,Academic Project,Claude
Law Student,Summarize documents,Healthcare,Deployment,Claude
Law Student,Write research report,Education,Business Growth,Claude
Teacher,Summarize documents,Retail,Interview Preparation,Claude
Law Student,Summarize documents,E-commerce,Presentation,Claude
Law Student,Write research report,E-commerce,Decision Support,Claude
Content Writer,Generate lesson plan,Legal,Optimization,Claude
Content Writer,Write research report,Government,Decision Support,Claude
Teacher,Summarize documents,Education,Research,Claude
Content Writer,Summarize documents,Finance,Decision Support,Claude
Teacher,Generate lesson plan,Startup,Presentation,Claude
Content Writer,Generate lesson plan,E-commerce,Presentation,Claude
Content Writer,Generate lesson plan,Manufacturing,Decision Support,Claude
Content Writer,Generate lesson plan,Legal,Automation,Claude
Teacher,Summarize documents,Legal,Business Growth,Claude
Content Writer,Write research report,Education,Presentation,Claude
Teacher,Generate lesson plan,Healthcare,Research,Claude
Law Student,Summarize documents,Technology,Decision Support,Claude
Content Writer,Generate lesson plan,Startup,Academic Project,Claude
Content Writer,Summarize documents,Technology,Presentation,Claude
Content Writer,Summarize documents,Government,Interview Preparation,Claude
Teacher,Summarize documents,Education,Research,Claude
Law Student,Write research report,E-commerce,Optimization,Claude
Law Student,Summarize documents,Finance,Decision Support,Claude
Law Student,Summarize documents,Government,Decision Support,Claude
Content Writer,Write research report,Healthcare,Learning,Claude
Law Student,Generate lesson plan,Legal,Academic Project,Claude
Law Student,Summarize documents,Finance,Optimization,Claude
Teacher,Write research report,Government,Deployment,Claude
Law Student,Write research report,Education,Business Growth,Claude
Teacher,Write research report,E-commerce,Interview Preparation,Claude
Content Writer,Write research report,Government,Learning,Claude
Content Writer,Generate lesson plan,E-commerce,Research,Claude
Law Student,Write research report,Startup,Academic Project,Claude
Content Writer,Summarize documents,Retail,Learning,Claude
Content Writer,Summarize documents,Retail,Deployment,Claude
Teacher,Summarize documents,Manufacturing,Academic Project,Claude
Teacher,Summarize documents,Startup,Deployment,Claude
Content Writer,Summarize documents,Startup,Research,Claude
Law Student,Write research report,Education,Presentation,Claude
Teacher,Summarize documents,Legal,Optimization,Claude
Law Student,Generate lesson plan,Finance,Learning,Claude
Law Student,Summarize documents,Education,Interview Preparation,Claude
Law Student,Write research report,Healthcare,Business Growth,Claude
Law Student,Write research report,Legal,Learning,Claude
Law Student,Generate lesson plan,Retail,Deployment,Claude
Teacher,Summarize documents,Education,Decision Support,Claude
Content Writer,Summarize documents,Startup,Automation,Claude
Law Student,Generate lesson plan,Retail,Decision Support,Claude
Teacher,Write research report,Startup,Presentation,Claude
Content Writer,Summarize documents,Retail,Automation,Claude
Teacher,Write research report,Education,Presentation,Claude
Law Student,Write research report,Finance,Decision Support,Claude
Content Writer,Generate lesson plan,Education,Deployment,Claude
Teacher,Generate lesson plan,Education,Automation,Claude
Content Writer,Summarize documents,Technology,Deployment,Claude
Teacher,Summarize documents,Finance,Academic Project,Claude
Law Student,Summarize documents,Retail,Decision Support,Claude
Law Student,Generate lesson plan,Education,Deployment,Claude
Content Writer,Summarize documents,Government,Deployment,Claude
Law Student,Summarize documents,Education,Business Growth,Claude
Teacher,Generate lesson plan,Government,Business Growth,Claude
Teacher,Write research report,E-commerce,Deployment,Claude
Teacher,Write research report,E-commerce,Decision Support,Claude
Law Student,Write research report,Technology,Decision Support,Claude
Law Student,Generate lesson plan,Technology,Optimization,Claude
Law Student,Summarize documents,Technology,Deployment,Claude
Teacher,Generate lesson plan,Healthcare,Optimization,Claude
Law Student,Write research report,Technology,Interview Preparation,Claude
Content Writer,Summarize documents,Startup,Presentation,Claude
Content Writer,Write research report,Finance,Interview Preparation,Claude
Content Writer,Write research report,Retail,Automation,Claude
Teacher,Write research report,Legal,Deployment,Claude
Content Writer,Summarize documents,Government,Academic Project,Claude
Content Writer,Generate lesson plan,Startup,Presentation,Claude
Teacher,Generate lesson plan,Startup,Learning,Claude
Teacher,Generate lesson plan,Legal,Optimization,Claude
Teacher,Write research report,Government,Presentation,Claude
Content Writer,Generate lesson plan,Finance,Learning,Claude
Teacher,Generate lesson plan,Technology,Deployment,Claude
Content Writer,Write research report,Technology,Presentation,Claude
Teacher,Generate lesson plan,Manufacturing,Business Growth,Claude
Content Writer,Write research report,Healthcare,Learning,Claude
Law Student,Generate lesson plan,Legal,Decision Support,Claude
Content Writer,Summarize documents,Retail,Decision Support,Claude
Law Student,Summarize documents,Finance,Business Growth,Claude
Content Writer,Write research report,Government,Deployment,Claude
Law Student,Summarize documents,Manufacturing,Decision Support,Claude
Teacher,Generate lesson plan,Legal,Presentation,Claude
Teacher,Summarize documents,Government,Business Growth,Claude
Content Writer,Generate lesson plan,Manufacturing,Optimization,Claude
Content Writer,Summarize documents,Government,Decision Support,Claude
Content Writer,Write research report,Healthcare,Deployment,Claude
Content Writer,Summarize documents,Startup,Interview Preparation,Claude
Content Writer,Summarize documents,Technology,Optimization,Claude
Law Student,Write research report,Education,Decision Support,Claude
Teacher,Summarize documents,E-commerce,Interview Preparation,Claude
Teacher,Generate lesson plan,Retail,Deployment,Claude
Content Writer,Summarize documents,E-commerce,Learning,Claude
Content Writer,Summarize documents,Healthcare,Business Growth,Claude
Law Student,Write research report,Retail,Decision Support,Claude
Teacher,Write research report,Government,Deployment,Claude
Law Student,Summarize documents,Startup,Optimization,Claude
Teacher,Write research report,Government,Research,Claude
Content Writer,Summarize documents,E-commerce,Presentation,Claude
Content Writer,Summarize documents,Startup,Research,Claude
Law Student,Summarize documents,Manufacturing,Learning,Claude
Content Writer,Generate lesson plan,Startup,Academic Project,Claude
Law Student,Write research report,Retail,Automation,Claude
Content Writer,Summarize documents,Startup,Business Growth,Claude
Law Student,Summarize documents,E-commerce,Automation,Claude
Teacher,Summarize documents,E-commerce,Interview Preparation,Claude
Content Writer,Summarize documents,Retail,Academic Project,Claude
Healthcare Professional,Prepare presentation,Manufacturing,Presentation,Gemini
Marketing Manager,Create marketing strategy,Startup,Interview Preparation,Gemini
Business Analyst,Analyze dataset,Healthcare,Business Growth,Gemini
Business Analyst,Create marketing strategy,Retail,Business Growth,Gemini
Business Analyst,Create marketing strategy,Technology,Optimization,Gemini
Marketing Manager,Create marketing strategy,Government,Decision Support,Gemini
Healthcare Professional,Create marketing strategy,Startup,Automation,Gemini
Business Analyst,Analyze dataset,Retail,Research,Gemini
Healthcare Professional,Create marketing strategy,Startup,Optimization,Gemini
Healthcare Professional,Analyze dataset,Manufacturing,Learning,Gemini
Business Analyst,Create marketing strategy,Finance,Business Growth,Gemini
Marketing Manager,Prepare presentation,Healthcare,Research,Gemini
Marketing Manager,Create marketing strategy,Legal,Research,Gemini
Business Analyst,Create marketing strategy,Legal,Automation,Gemini
Marketing Manager,Create marketing strategy,Education,Learning,Gemini
Healthcare Professional,Prepare presentation,Startup,Deployment,Gemini
Business Analyst,Prepare presentation,Retail,Business Growth,Gemini
Marketing Manager,Create marketing strategy,Government,Presentation,Gemini
Business Analyst,Analyze dataset,Technology,Academic Project,Gemini
Healthcare Professional,Analyze dataset,Legal,Academic Project,Gemini
Business Analyst,Analyze dataset,Government,Automation,Gemini
Business Analyst,Prepare presentation,Legal,Decision Support,Gemini
Healthcare Professional,Prepare presentation,Technology,Presentation,Gemini
Marketing Manager,Prepare presentation,Retail,Business Growth,Gemini
Marketing Manager,Analyze dataset,Healthcare,Decision Support,Gemini
Healthcare Professional,Prepare presentation,Manufacturing,Research,Gemini
Healthcare Professional,Prepare presentation,Healthcare,Learning,Gemini
Healthcare Professional,Prepare presentation,Finance,Presentation,Gemini
Marketing Manager,Prepare presentation,Education,Learning,Gemini
Marketing Manager,Create marketing strategy,Manufacturing,Academic Project,Gemini
Healthcare Professional,Create marketing strategy,Finance,Business Growth,Gemini
Healthcare Professional,Prepare presentation,E-commerce,Interview Preparation,Gemini
Marketing Manager,Analyze dataset,Government,Learning,Gemini
Business Analyst,Prepare presentation,Retail,Deployment,Gemini
Business Analyst,Analyze dataset,Finance,Interview Preparation,Gemini
Business Analyst,Prepare presentation,E-commerce,Academic Project,Gemini
Business Analyst,Create marketing strategy,Technology,Interview Preparation,Gemini
Marketing Manager,Create marketing strategy,E-commerce,Decision Support,Gemini
Business Analyst,Analyze dataset,Startup,Automation,Gemini
Healthcare Professional,Analyze dataset,Legal,Automation,Gemini
Healthcare Professional,Analyze dataset,E-commerce,Learning,Gemini
Business Analyst,Analyze dataset,Technology,Business Growth,Gemini
Marketing Manager,Prepare presentation,Legal,Learning,Gemini
Healthcare Professional,Create marketing strategy,Manufacturing,Business Growth,Gemini
Business Analyst,Analyze dataset,Retail,Automation,Gemini
Healthcare Professional,Prepare presentation,Retail,Interview Preparation,Gemini
Marketing Manager,Analyze dataset,Government,Business Growth,Gemini
Marketing Manager,Prepare presentation,Legal,Academic Project,Gemini
Business Analyst,Analyze dataset,E-commerce,Interview Preparation,Gemini
Healthcare Professional,Analyze dataset,Technology,Interview Preparation,Gemini
Healthcare Professional,Analyze dataset,Government,Automation,Gemini
Marketing Manager,Create marketing strategy,Healthcare,Automation,Gemini
Healthcare Professional,Create marketing strategy,E-commerce,Optimization,Gemini
Business Analyst,Analyze dataset,Legal,Research,Gemini
Healthcare Professional,Analyze dataset,Legal,Research,Gemini
Healthcare Professional,Create marketing strategy,Retail,Academic Project,Gemini
Business Analyst,Create marketing strategy,Legal,Learning,Gemini
Business Analyst,Analyze dataset,Education,Interview Preparation,Gemini
Healthcare Professional,Analyze dataset,Manufacturing,Research,Gemini
Marketing Manager,Prepare presentation,Manufacturing,Optimization,Gemini
Healthcare Professional,Analyze dataset,Legal,Research,Gemini
Marketing Manager,Prepare presentation,Legal,Business Growth,Gemini
Marketing Manager,Prepare presentation,Government,Interview Preparation,Gemini
Business Analyst,Analyze dataset,Healthcare,Interview Preparation,Gemini
Healthcare Professional,Prepare presentation,Finance,Business Growth,Gemini
Healthcare Professional,Create marketing strategy,Legal,Interview Preparation,Gemini
Marketing Manager,Analyze dataset,Retail,Interview Preparation,Gemini
Healthcare Professional,Create marketing strategy,Healthcare,Interview Preparation,Gemini
Healthcare Professional,Create marketing strategy,Healthcare,Decision Support,Gemini
Business Analyst,Prepare presentation,Government,Business Growth,Gemini
Healthcare Professional,Analyze dataset,Startup,Deployment,Gemini
Business Analyst,Create marketing strategy,Manufacturing,Presentation,Gemini
Healthcare Professional,Prepare presentation,Startup,Academic Project,Gemini
Marketing Manager,Create marketing strategy,Manufacturing,Decision Support,Gemini
Healthcare Professional,Prepare presentation,Education,Academic Project,Gemini
Healthcare Professional,Create marketing strategy,Technology,Academic Project,Gemini
Business Analyst,Prepare presentation,Technology,Presentation,Gemini
Business Analyst,Analyze dataset,Startup,Decision Support,Gemini
Business Analyst,Create marketing strategy,Healthcare,Automation,Gemini
Healthcare Professional,Create marketing strategy,Finance,Research,Gemini
Business Analyst,Analyze dataset,Manufacturing,Decision Support,Gemini
Healthcare Professional,Prepare presentation,Finance,Decision Support,Gemini
Business Analyst,Create marketing strategy,E-commerce,Academic Project,Gemini
Healthcare Professional,Analyze dataset,Manufacturing,Deployment,Gemini
Marketing Manager,Create marketing strategy,E-commerce,Deployment,Gemini
Marketing Manager,Prepare presentation,Technology,Learning,Gemini
Marketing Manager,Prepare presentation,Finance,Academic Project,Gemini
Marketing Manager,Analyze dataset,Education,Learning,Gemini
Business Analyst,Prepare presentation,Healthcare,Research,Gemini
Marketing Manager,Prepare presentation,Education,Academic Project,Gemini
Marketing Manager,Analyze dataset,Government,Decision Support,Gemini
Business Analyst,Prepare presentation,Legal,Decision Support,Gemini
Healthcare Professional,Create marketing strategy,Manufacturing,Interview Preparation,Gemini
Marketing Manager,Prepare presentation,Government,Automation,Gemini
Business Analyst,Analyze dataset,Manufacturing,Business Growth,Gemini
Marketing Manager,Create marketing strategy,Retail,Business Growth,Gemini
Marketing Manager,Create marketing strategy,Manufacturing,Research,Gemini
Marketing Manager,Create marketing strategy,E-commerce,Presentation,Gemini
Business Analyst,Create marketing strategy,Finance,Business Growth,Gemini
Marketing Manager,Create marketing strategy,Technology,Learning,Gemini
Marketing Manager,Create marketing strategy,Technology,Business Growth,Gemini
Healthcare Professional,Analyze dataset,E-commerce,Presentation,Gemini
Marketing Manager,Create marketing strategy,Startup,Presentation,Gemini
Marketing Manager,Create marketing strategy,Startup,Learning,Gemini
Healthcare Professional,Prepare presentation,Technology,Decision Support,Gemini
Business Analyst,Analyze dataset,Retail,Automation,Gemini
Healthcare Professional,Prepare presentation,Manufacturing,Presentation,Gemini
Business Analyst,Create marketing strategy,Education,Learning,Gemini
Marketing Manager,Analyze dataset,Retail,Optimization,Gemini
Healthcare Professional,Analyze dataset,Manufacturing,Decision Support,Gemini
Healthcare Professional,Analyze dataset,Technology,Academic Project,Gemini
Healthcare Professional,Analyze dataset,Legal,Business Growth,Gemini
Healthcare Professional,Analyze dataset,Manufacturing,Deployment,Gemini
Business Analyst,Prepare presentation,Startup,Automation,Gemini
Healthcare Professional,Analyze dataset,Technology,Automation,Gemini
Marketing Manager,Create marketing strategy,Technology,Decision Support,Gemini
Business Analyst,Create marketing strategy,Finance,Research,Gemini
Business Analyst,Analyze dataset,Education,Deployment,Gemini
Marketing Manager,Prepare presentation,Government,Presentation,Gemini
Business Analyst,Create marketing strategy,Retail,Deployment,Gemini
Business Analyst,Analyze dataset,Finance,Interview Preparation,Gemini
Healthcare Professional,Prepare presentation,E-commerce,Decision Support,Gemini
Business Analyst,Create marketing strategy,Government,Learning,Gemini
Marketing Manager,Analyze dataset,Education,Business Growth,Gemini
Business Analyst,Analyze dataset,Technology,Automation,Gemini
Marketing Manager,Create marketing strategy,Healthcare,Automation,Gemini
Healthcare Professional,Prepare presentation,Technology,Academic Project,Gemini
Marketing Manager,Create marketing strategy,E-commerce,Presentation,Gemini
Healthcare Professional,Create marketing strategy,Government,Deployment,Gemini
Healthcare Professional,Create marketing strategy,Technology,Academic Project,Gemini
Marketing Manager,Analyze dataset,Education,Research,Gemini
Business Analyst,Analyze dataset,Education,Deployment,Gemini
Marketing Manager,Prepare presentation,Education,Deployment,Gemini
Marketing Manager,Create marketing strategy,Technology,Business Growth,Gemini
Marketing Manager,Prepare presentation,Retail,Decision Support,Gemini
Business Analyst,Create marketing strategy,Startup,Business Growth,Gemini
Marketing Manager,Analyze dataset,Healthcare,Deployment,Gemini
Business Analyst,Prepare presentation,Manufacturing,Decision Support,Gemini
Marketing Manager,Analyze dataset,Retail,Learning,Gemini
Business Analyst,Prepare presentation,Technology,Interview Preparation,Gemini
Business Analyst,Create marketing strategy,E-commerce,Decision Support,Gemini
Marketing Manager,Analyze dataset,Retail,Decision Support,Gemini
Healthcare Professional,Prepare presentation,Startup,Decision Support,Gemini
Business Analyst,Analyze dataset,Retail,Decision Support,Gemini
Business Analyst,Analyze dataset,E-commerce,Research,Gemini
Marketing Manager,Create marketing strategy,Finance,Presentation,Gemini
Business Analyst,Analyze dataset,Technology,Deployment,Gemini
Business Analyst,Analyze dataset,Education,Automation,Gemini
Healthcare Professional,Create marketing strategy,Government,Research,Gemini
Business Analyst,Create marketing strategy,Startup,Research,Gemini
Healthcare Professional,Analyze dataset,Finance,Business Growth,Gemini
Marketing Manager,Analyze dataset,Education,Business Growth,Gemini
Healthcare Professional,Create marketing strategy,E-commerce,Learning,Gemini
Healthcare Professional,Analyze dataset,Startup,Learning,Gemini
Business Analyst,Analyze dataset,Finance,Learning,Gemini
Healthcare Professional,Create marketing strategy,Retail,Presentation,Gemini
Business Analyst,Analyze dataset,Finance,Presentation,Gemini
Healthcare Professional,Create marketing strategy,E-commerce,Learning,Gemini
Marketing Manager,Create marketing strategy,Startup,Deployment,Gemini
Business Analyst,Analyze dataset,Retail,Deployment,Gemini
Business Analyst,Analyze dataset,Retail,Interview Preparation,Gemini
Marketing Manager,Create marketing strategy,Healthcare,Learning,Gemini
Healthcare Professional,Create marketing strategy,Education,Research,Gemini
Marketing Manager,Prepare presentation,Legal,Business Growth,Gemini
Healthcare Professional,Create marketing strategy,E-commerce,Learning,Gemini
Business Analyst,Prepare presentation,Retail,Academic Project,Gemini
Business Analyst,Analyze dataset,Retail,Interview Preparation,Gemini
Business Analyst,Create marketing strategy,Education,Presentation,Gemini
Marketing Manager,Prepare presentation,Finance,Academic Project,Gemini
Marketing Manager,Prepare presentation,Manufacturing,Business Growth,Gemini
Healthcare Professional,Analyze dataset,Healthcare,Optimization,Gemini
Marketing Manager,Analyze dataset,E-commerce,Business Growth,Gemini
Healthcare Professional,Create marketing strategy,E-commerce,Academic Project,Gemini
Business Analyst,Analyze dataset,Manufacturing,Deployment,Gemini
Business Analyst,Prepare presentation,Startup,Academic Project,Gemini
Healthcare Professional,Analyze dataset,Technology,Research,Gemini
Business Analyst,Analyze dataset,Technology,Decision Support,Gemini
Marketing Manager,Analyze dataset,Healthcare,Automation,Gemini
Business Analyst,Prepare presentation,Retail,Optimization,Gemini
Business Analyst,Create marketing strategy,Legal,Business Growth,Gemini
Marketing Manager,Create marketing strategy,Government,Business Growth,Gemini
Business Analyst,Analyze dataset,Finance,Interview Preparation,Gemini
Business Analyst,Prepare presentation,Manufacturing,Decision Support,Gemini
Marketing Manager,Create marketing strategy,Manufacturing,Academic Project,Gemini
Healthcare Professional,Prepare presentation,Startup,Academic Project,Gemini
Healthcare Professional,Prepare presentation,Education,Decision Support,Gemini
Healthcare Professional,Analyze dataset,Finance,Research,Gemini
Business Analyst,Prepare presentation,Finance,Learning,Gemini
Healthcare Professional,Analyze dataset,Healthcare,Research,Gemini
Business Analyst,Analyze dataset,Education,Interview Preparation,Gemini
Marketing Manager,Analyze dataset,Government,Research,Gemini
Business Analyst,Analyze dataset,Startup,Academic Project,Gemini
Marketing Manager,Create marketing strategy,Government,Academic Project,Gemini
Healthcare Professional,Prepare presentation,Retail,Presentation,Gemini
Business Analyst,Create marketing strategy,Technology,Business Growth,Gemini
Marketing Manager,Prepare presentation,Technology,Academic Project,Gemini
Business Analyst,Prepare presentation,Healthcare,Automation,Gemini
Marketing Manager,Create marketing strategy,Education,Business Growth,Gemini
Healthcare Professional,Analyze dataset,Manufacturing,Automation,Gemini
Marketing Manager,Analyze dataset,Legal,Research,Gemini
Data Scientist,Write research report,Government,Interview Preparation,Perplexity
Research Analyst,Summarize documents,Finance,Presentation,Perplexity
Data Scientist,Write research report,Government,Presentation,Perplexity
Research Analyst,Summarize documents,Technology,Research,Perplexity
Data Scientist,Summarize documents,Technology,Presentation,Perplexity
Research Analyst,Write research report,Healthcare,Learning,Perplexity
Data Scientist,Analyze dataset,Healthcare,Deployment,Perplexity
Data Scientist,Write research report,E-commerce,Decision Support,Perplexity
Data Scientist,Write research report,Education,Research,Perplexity
Research Analyst,Analyze dataset,Manufacturing,Deployment,Perplexity
Research Analyst,Analyze dataset,Education,Learning,Perplexity
Research Analyst,Summarize documents,Education,Automation,Perplexity
Data Scientist,Summarize documents,Legal,Deployment,Perplexity
Research Analyst,Write research report,E-commerce,Business Growth,Perplexity
Research Analyst,Write research report,Education,Presentation,Perplexity
Data Scientist,Write research report,Government,Deployment,Perplexity
Data Scientist,Summarize documents,Startup,Academic Project,Perplexity
Data Scientist,Analyze dataset,Technology,Interview Preparation,Perplexity
Research Analyst,Write research report,E-commerce,Deployment,Perplexity
Research Analyst,Analyze dataset,Startup,Research,Perplexity
Data Scientist,Summarize documents,Government,Decision Support,Perplexity
Data Scientist,Write research report,Education,Academic Project,Perplexity
Research Analyst,Write research report,E-commerce,Learning,Perplexity
Data Scientist,Write research report,Healthcare,Academic Project,Perplexity
Research Analyst,Write research report,Legal,Academic Project,Perplexity
Research Analyst,Write research report,Technology,Learning,Perplexity
Research Analyst,Summarize documents,Manufacturing,Business Growth,Perplexity
Research Analyst,Summarize documents,Startup,Presentation,Perplexity
Research Analyst,Analyze dataset,Startup,Presentation,Perplexity
Data Scientist,Write research report,Finance,Research,Perplexity
Data Scientist,Write research report,Government,Automation,Perplexity
Data Scientist,Analyze dataset,Legal,Presentation,Perplexity
Data Scientist,Analyze dataset,Government,Deployment,Perplexity
Research Analyst,Write research report,Legal,Optimization,Perplexity
Data Scientist,Write research report,Retail,Decision Support,Perplexity
Research Analyst,Write research report,Finance,Automation,Perplexity
Research Analyst,Write research report,Technology,Learning,Perplexity
Research Analyst,Write research report,Technology,Deployment,Perplexity
Research Analyst,Analyze dataset,Legal,Optimization,Perplexity
Research Analyst,Summarize documents,Government,Research,Perplexity
Research Analyst,Write research report,Healthcare,Automation,Perplexity
Research Analyst,Analyze dataset,Retail,Interview Preparation,Perplexity
Research Analyst,Write research report,Legal,Business Growth,Perplexity
Research Analyst,Write research report,Technology,Business Growth,Perplexity
Data Scientist,Write research report,Legal,Learning,Perplexity
Data Scientist,Summarize documents,Legal,Business Growth,Perplexity
Data Scientist,Analyze dataset,Legal,Business Growth,Perplexity
Data Scientist,Write research report,Technology,Business Growth,Perplexity
Data Scientist,Write research report,Education,Interview Preparation,Perplexity
Research Analyst,Write research report,Technology,Deployment,Perplexity
Research Analyst,Summarize documents,Education,Deployment,Perplexity
Data Scientist,Summarize documents,Education,Academic Project,Perplexity
Research Analyst,Summarize documents,E-commerce,Automation,Perplexity
Data Scientist,Write research report,Healthcare,Interview Preparation,Perplexity
Data Scientist,Write research report,Manufacturing,Presentation,Perplexity
Data Scientist,Write research report,Retail,Optimization,Perplexity
Data Scientist,Write research report,Healthcare,Research,Perplexity
Data Scientist,Write research report,Finance,Deployment,Perplexity
Research Analyst,Analyze dataset,Finance,Decision Support,Perplexity
Data Scientist,Analyze dataset,Healthcare,Learning,Perplexity
Data Scientist,Write research report,Healthcare,Academic Project,Perplexity
Research Analyst,Summarize documents,Government,Decision Support,Perplexity
Data Scientist,Write research report,Finance,Interview Preparation,Perplexity
Data Scientist,Write research report,Healthcare,Deployment,Perplexity
Research Analyst,Summarize documents,Technology,Presentation,Perplexity
Research Analyst,Write research report,Education,Research,Perplexity
Research Analyst,Summarize documents,Manufacturing,Presentation,Perplexity
Research Analyst,Analyze dataset,Government,Learning,Perplexity
Data Scientist,Summarize documents,Education,Presentation,Perplexity
Data Scientist,Summarize documents,Startup,Automation,Perplexity
Research Analyst,Write research report,Finance,Academic Project,Perplexity
Data Scientist,Analyze dataset,E-commerce,Decision Support,Perplexity
Data Scientist,Analyze dataset,Retail,Optimization,Perplexity
Data Scientist,Write research report,Manufacturing,Interview Preparation,Perplexity
Research Analyst,Write research report,Retail,Business Growth,Perplexity
Research Analyst,Write research report,Healthcare,Learning,Perplexity
Research Analyst,Analyze dataset,Education,Optimization,Perplexity
Research Analyst,Write research report,Manufacturing,Decision Support,Perplexity
Data Scientist,Summarize documents,Government,Presentation,Perplexity
Data Scientist,Write research report,Manufacturing,Business Growth,Perplexity
Research Analyst,Write research report,Technology,Academic Project,Perplexity
Data Scientist,Summarize documents,Startup,Learning,Perplexity
Data Scientist,Write research report,Education,Research,Perplexity
Data Scientist,Write research report,Manufacturing,Deployment,Perplexity
Data Scientist,Summarize documents,Legal,Interview Preparation,Perplexity
Data Scientist,Summarize documents,Retail,Academic Project,Perplexity
Data Scientist,Analyze dataset,Retail,Deployment,Perplexity
Research Analyst,Write research report,Retail,Automation,Perplexity
Data Scientist,Write research report,Government,Business Growth,Perplexity
Data Scientist,Write research report,Government,Optimization,Perplexity
Research Analyst,Write research report,Healthcare,Automation,Perplexity
Research Analyst,Summarize documents,E-commerce,Research,Perplexity
Data Scientist,Analyze dataset,Finance,Interview Preparation,Perplexity
Data Scientist,Analyze dataset,Retail,Business Growth,Perplexity
Data Scientist,Summarize documents,Education,Research,Perplexity
Research Analyst,Summarize documents,Healthcare,Business Growth,Perplexity
Research Analyst,Analyze dataset,E-commerce,Automation,Perplexity
Research Analyst,Analyze dataset,Healthcare,Presentation,Perplexity
Research Analyst,Write research report,Startup,Optimization,Perplexity
Data Scientist,Summarize documents,Legal,Presentation,Perplexity
Data Scientist,Summarize documents,Government,Optimization,Perplexity
Research Analyst,Write research report,Government,Deployment,Perplexity
Data Scientist,Summarize documents,Finance,Presentation,Perplexity
Data Scientist,Analyze dataset,Legal,Research,Perplexity
Research Analyst,Write research report,Government,Automation,Perplexity
Data Scientist,Analyze dataset,Legal,Business Growth,Perplexity
Data Scientist,Summarize documents,Manufacturing,Learning,Perplexity
Research Analyst,Summarize documents,E-commerce,Decision Support,Perplexity
Data Scientist,Write research report,Government,Business Growth,Perplexity
Data Scientist,Write research report,Startup,Decision Support,Perplexity
Research Analyst,Write research report,Legal,Automation,Perplexity
Data Scientist,Summarize documents,Startup,Optimization,Perplexity
Research Analyst,Summarize documents,Healthcare,Optimization,Perplexity
Research Analyst,Summarize documents,E-commerce,Decision Support,Perplexity
Data Scientist,Summarize documents,Healthcare,Business Growth,Perplexity
Data Scientist,Summarize documents,Technology,Presentation,Perplexity
Research Analyst,Write research report,Retail,Deployment,Perplexity
Research Analyst,Write research report,Retail,Research,Perplexity
Research Analyst,Summarize documents,Finance,Business Growth,Perplexity
Data Scientist,Summarize documents,Manufacturing,Presentation,Perplexity
Research Analyst,Analyze dataset,E-commerce,Deployment,Perplexity
Research Analyst,Write research report,Healthcare,Automation,Perplexity
Data Scientist,Write research report,Finance,Learning,Perplexity
Data Scientist,Write research report,Finance,Interview Preparation,Perplexity
Data Scientist,Analyze dataset,Government,Optimization,Perplexity
Data Scientist,Analyze dataset,Education,Deployment,Perplexity
Research Analyst,Write research report,Manufacturing,Interview Preparation,Perplexity
Research Analyst,Write research report,Healthcare,Optimization,Perplexity
Research Analyst,Summarize documents,Healthcare,Learning,Perplexity
Research Analyst,Analyze dataset,Healthcare,Academic Project,Perplexity
Research Analyst,Summarize documents,Retail,Learning,Perplexity
Data Scientist,Summarize documents,Education,Automation,Perplexity
Data Scientist,Analyze dataset,Finance,Decision Support,Perplexity
Research Analyst,Summarize documents,Finance,Decision Support,Perplexity
Data Scientist,Write research report,Finance,Presentation,Perplexity
Research Analyst,Summarize documents,Government,Automation,Perplexity
Data Scientist,Write research report,Healthcare,Decision Support,Perplexity
Data Scientist,Summarize documents,E-commerce,Interview Preparation,Perplexity
Research Analyst,Analyze dataset,Retail,Business Growth,Perplexity
Research Analyst,Analyze dataset,Finance,Research,Perplexity
Data Scientist,Summarize documents,Retail,Interview Preparation,Perplexity
Research Analyst,Summarize documents,Legal,Deployment,Perplexity
Research Analyst,Write research report,Healthcare,Business Growth,Perplexity
Data Scientist,Summarize documents,Technology,Research,Perplexity
Data Scientist,Write research report,Finance,Learning,Perplexity
Data Scientist,Summarize documents,Retail,Learning,Perplexity
Research Analyst,Analyze dataset,Healthcare,Business Growth,Perplexity
Data Scientist,Analyze dataset,Retail,Business Growth,Perplexity
Data Scientist,Analyze dataset,Healthcare,Business Growth,Perplexity
Research Analyst,Summarize documents,Retail,Interview Preparation,Perplexity
Data Scientist,Write research report,Government,Optimization,Perplexity
Data Scientist,Analyze dataset,Government,Optimization,Perplexity
Research Analyst,Summarize documents,Legal,Learning,Perplexity
Research Analyst,Write research report,Education,Decision Support,Perplexity
Research Analyst,Write research report,Retail,Deployment,Perplexity
Data Scientist,Write research report,Government,Automation,Perplexity
Data Scientist,Write research report,Finance,Presentation,Perplexity
Data Scientist,Write research report,Retail,Presentation,Perplexity
Data Scientist,Analyze dataset,Healthcare,Academic Project,Perplexity
Research Analyst,Analyze dataset,Government,Interview Preparation,Perplexity
Data Scientist,Analyze dataset,Government,Automation,Perplexity
Data Scientist,Write research report,E-commerce,Presentation,Perplexity
Data Scientist,Analyze dataset,Legal,Presentation,Perplexity
Research Analyst,Write research report,Legal,Deployment,Perplexity
Data Scientist,Analyze dataset,Finance,Interview Preparation,Perplexity
Research Analyst,Analyze dataset,Manufacturing,Academic Project,Perplexity
Research Analyst,Write research report,Finance,Learning,Perplexity
Research Analyst,Analyze dataset,Legal,Academic Project,Perplexity
Research Analyst,Summarize documents,Retail,Optimization,Perplexity
Data Scientist,Write research report,Government,Interview Preparation,Perplexity
Data Scientist,Analyze dataset,Education,Optimization,Perplexity
Research Analyst,Summarize documents,Technology,Optimization,Perplexity
Data Scientist,Summarize documents,Technology,Automation,Perplexity
Data Scientist,Summarize documents,Retail,Business Growth,Perplexity
Data Scientist,Analyze dataset,Government,Deployment,Perplexity
Research Analyst,Write research report,Technology,Research,Perplexity
Research Analyst,Analyze dataset,Government,Deployment,Perplexity
Data Scientist,Analyze dataset,Technology,Learning,Perplexity
Data Scientist,Write research report,Government,Academic Project,Perplexity
Research Analyst,Write research report,Healthcare,Automation,Perplexity
Data Scientist,Analyze dataset,Startup,Business Growth,Perplexity
Research Analyst,Analyze dataset,Healthcare,Deployment,Perplexity
Research Analyst,Analyze dataset,Government,Learning,Perplexity
Data Scientist,Analyze dataset,Healthcare,Learning,Perplexity
Data Scientist,Analyze dataset,Healthcare,Interview Preparation,Perplexity
Data Scientist,Write research report,Legal,Optimization,Perplexity
Research Analyst,Analyze dataset,E-commerce,Research,Perplexity
Research Analyst,Write research report,Education,Decision Support,Perplexity
Research Analyst,Summarize documents,Startup,Decision Support,Perplexity
Research Analyst,Analyze dataset,Startup,Interview Preparation,Perplexity
Research Analyst,Write research report,Education,Deployment,Perplexity
Data Scientist,Summarize documents,Technology,Decision Support,Perplexity
Data Scientist,Analyze dataset,E-commerce,Business Growth,Perplexity
Research Analyst,Summarize documents,Government,Decision Support,Perplexity
Data Scientist,Write research report,E-commerce,Deployment,Perplexity
Data Scientist,Write research report,Technology,Decision Support,Perplexity
Research Analyst,Write research report,Legal,Presentation,Perplexity
Research Analyst,Write research report,Legal,Learning,Perplexity
Data Scientist,Analyze dataset,Startup,Interview Preparation,Perplexity
Data Scientist,Summarize documents,Healthcare,Research,Perplexity
Software Engineer,Debug Python code,Education,Decision Support,GitHub Copilot
Software Engineer,Debug Python code,E-commerce,Learning,GitHub Copilot
Machine Learning Engineer,Build prediction model,Finance,Business Growth,GitHub Copilot
Machine Learning Engineer,Debug Python code,Finance,Academic Project,GitHub Copilot
Machine Learning Engineer,Build prediction model,Finance,Optimization,GitHub Copilot
Machine Learning Engineer,Design chatbot,Retail,Learning,GitHub Copilot
Software Engineer,Design chatbot,Finance,Decision Support,GitHub Copilot
Software Engineer,Build prediction model,Technology,Interview Preparation,GitHub Copilot
Software Engineer,Design chatbot,Startup,Optimization,GitHub Copilot
Machine Learning Engineer,Design chatbot,Manufacturing,Interview Preparation,GitHub Copilot
Software Engineer,Debug Python code,Manufacturing,Decision Support,GitHub Copilot
Machine Learning Engineer,Build prediction model,Legal,Interview Preparation,GitHub Copilot
Software Engineer,Debug Python code,Healthcare,Interview Preparation,GitHub Copilot
Machine Learning Engineer,Build prediction model,Government,Academic Project,GitHub Copilot
Machine Learning Engineer,Debug Python code,Manufacturing,Decision Support,GitHub Copilot
Software Engineer,Debug Python code,Technology,Research,GitHub Copilot
Software Engineer,Build prediction model,Technology,Interview Preparation,GitHub Copilot
Software Engineer,Design chatbot,Finance,Research,GitHub Copilot
Machine Learning Engineer,Design chatbot,Legal,Business Growth,GitHub Copilot
Machine Learning Engineer,Build prediction model,Finance,Automation,GitHub Copilot
Machine Learning Engineer,Design chatbot,Technology,Research,GitHub Copilot
Machine Learning Engineer,Design chatbot,Manufacturing,Business Growth,GitHub Copilot
Software Engineer,Debug Python code,Manufacturing,Research,GitHub Copilot
Machine Learning Engineer,Design chatbot,Retail,Presentation,GitHub Copilot
Machine Learning Engineer,Build prediction model,Finance,Business Growth,GitHub Copilot
Machine Learning Engineer,Debug Python code,Government,Automation,GitHub Copilot
Software Engineer,Debug Python code,Government,Interview Preparation,GitHub Copilot
Machine Learning Engineer,Build prediction model,E-commerce,Interview Preparation,GitHub Copilot
Machine Learning Engineer,Build prediction model,Education,Deployment,GitHub Copilot
Machine Learning Engineer,Debug Python code,Retail,Decision Support,GitHub Copilot
Machine Learning Engineer,Design chatbot,Government,Interview Preparation,GitHub Copilot
Software Engineer,Build prediction model,Education,Presentation,GitHub Copilot
Software Engineer,Build prediction model,Retail,Deployment,GitHub Copilot
Machine Learning Engineer,Debug Python code,Finance,Research,GitHub Copilot
Software Engineer,Build prediction model,E-commerce,Decision Support,GitHub Copilot
Machine Learning Engineer,Design chatbot,Healthcare,Interview Preparation,GitHub Copilot
Machine Learning Engineer,Build prediction model,Startup,Optimization,GitHub Copilot
Software Engineer,Design chatbot,Manufacturing,Deployment,GitHub Copilot
Machine Learning Engineer,Design chatbot,E-commerce,Decision Support,GitHub Copilot
Machine Learning Engineer,Design chatbot,Retail,Optimization,GitHub Copilot
Software Engineer,Design chatbot,Education,Automation,GitHub Copilot
Machine Learning Engineer,Debug Python code,Education,Business Growth,GitHub Copilot
Software Engineer,Build prediction model,E-commerce,Learning,GitHub Copilot
Machine Learning Engineer,Build prediction model,Retail,Presentation,GitHub Copilot
Software Engineer,Build prediction model,Manufacturing,Interview Preparation,GitHub Copilot
Software Engineer,Build prediction model,Technology,Business Growth,GitHub Copilot
Software Engineer,Build prediction model,Education,Interview Preparation,GitHub Copilot
Software Engineer,Build prediction model,Manufacturing,Optimization,GitHub Copilot
Machine Learning Engineer,Debug Python code,E-commerce,Presentation,GitHub Copilot
Machine Learning Engineer,Debug Python code,E-commerce,Learning,GitHub Copilot
Software Engineer,Build prediction model,Government,Research,GitHub Copilot
Machine Learning Engineer,Build prediction model,Technology,Academic Project,GitHub Copilot
Machine Learning Engineer,Debug Python code,Finance,Interview Preparation,GitHub Copilot
Machine Learning Engineer,Debug Python code,Technology,Academic Project,GitHub Copilot
Software Engineer,Build prediction model,Government,Academic Project,GitHub Copilot
Software Engineer,Build prediction model,Government,Interview Preparation,GitHub Copilot
Machine Learning Engineer,Design chatbot,Healthcare,Decision Support,GitHub Copilot
Machine Learning Engineer,Design chatbot,Legal,Optimization,GitHub Copilot
Machine Learning Engineer,Debug Python code,Startup,Presentation,GitHub Copilot
Machine Learning Engineer,Build prediction model,Government,Learning,GitHub Copilot
Software Engineer,Build prediction model,Healthcare,Optimization,GitHub Copilot
Software Engineer,Design chatbot,E-commerce,Deployment,GitHub Copilot
Software Engineer,Debug Python code,Manufacturing,Optimization,GitHub Copilot
Machine Learning Engineer,Build prediction model,Legal,Optimization,GitHub Copilot
Software Engineer,Design chatbot,Government,Decision Support,GitHub Copilot
Machine Learning Engineer,Build prediction model,Government,Presentation,GitHub Copilot
Machine Learning Engineer,Build prediction model,Manufacturing,Business Growth,GitHub Copilot
Machine Learning Engineer,Build prediction model,Education,Academic Project,GitHub Copilot
Machine Learning Engineer,Design chatbot,Government,Optimization,GitHub Copilot
Machine Learning Engineer,Build prediction model,Healthcare,Academic Project,GitHub Copilot
Machine Learning Engineer,Debug Python code,Finance,Research,GitHub Copilot
Software Engineer,Build prediction model,Healthcare,Learning,GitHub Copilot
Machine Learning Engineer,Build prediction model,Technology,Interview Preparation,GitHub Copilot
Machine Learning Engineer,Debug Python code,E-commerce,Decision Support,GitHub Copilot
Software Engineer,Build prediction model,Government,Decision Support,GitHub Copilot
Software Engineer,Build prediction model,Healthcare,Deployment,GitHub Copilot
Software Engineer,Debug Python code,Startup,Learning,GitHub Copilot
Machine Learning Engineer,Build prediction model,E-commerce,Decision Support,GitHub Copilot
Software Engineer,Build prediction model,Startup,Decision Support,GitHub Copilot
Machine Learning Engineer,Design chatbot,E-commerce,Optimization,GitHub Copilot
Machine Learning Engineer,Build prediction model,Healthcare,Research,GitHub Copilot
Software Engineer,Build prediction model,Finance,Decision Support,GitHub Copilot
Software Engineer,Build prediction model,Startup,Decision Support,GitHub Copilot
Machine Learning Engineer,Design chatbot,Technology,Presentation,GitHub Copilot
Machine Learning Engineer,Build prediction model,Retail,Optimization,GitHub Copilot
Software Engineer,Design chatbot,Finance,Learning,GitHub Copilot
Machine Learning Engineer,Design chatbot,Legal,Decision Support,GitHub Copilot
Machine Learning Engineer,Debug Python code,Startup,Academic Project,GitHub Copilot
Software Engineer,Build prediction model,Education,Presentation,GitHub Copilot
Software Engineer,Build prediction model,Startup,Business Growth,GitHub Copilot
Software Engineer,Debug Python code,E-commerce,Research,GitHub Copilot
Software Engineer,Debug Python code,Technology,Deployment,GitHub Copilot
Software Engineer,Debug Python code,Retail,Optimization,GitHub Copilot
Software Engineer,Design chatbot,Legal,Optimization,GitHub Copilot
Machine Learning Engineer,Design chatbot,Education,Decision Support,GitHub Copilot
Software Engineer,Build prediction model,Education,Interview Preparation,GitHub Copilot
Machine Learning Engineer,Build prediction model,Healthcare,Decision Support,GitHub Copilot
Software Engineer,Design chatbot,Finance,Decision Support,GitHub Copilot
Software Engineer,Debug Python code,E-commerce,Learning,GitHub Copilot
Machine Learning Engineer,Design chatbot,Technology,Research,GitHub Copilot
Machine Learning Engineer,Debug Python code,Startup,Presentation,GitHub Copilot
Machine Learning Engineer,Debug Python code,Retail,Learning,GitHub Copilot
Machine Learning Engineer,Design chatbot,Manufacturing,Research,GitHub Copilot
Software Engineer,Build prediction model,E-commerce,Academic Project,GitHub Copilot
Machine Learning Engineer,Design chatbot,E-commerce,Business Growth,GitHub Copilot
Software Engineer,Debug Python code,Manufacturing,Presentation,GitHub Copilot
Machine Learning Engineer,Design chatbot,Startup,Research,GitHub Copilot
Software Engineer,Design chatbot,Finance,Business Growth,GitHub Copilot
Machine Learning Engineer,Design chatbot,Finance,Presentation,GitHub Copilot
Machine Learning Engineer,Design chatbot,Government,Decision Support,GitHub Copilot
Software Engineer,Design chatbot,Finance,Deployment,GitHub Copilot
Software Engineer,Design chatbot,Legal,Deployment,GitHub Copilot
Machine Learning Engineer,Debug Python code,Manufacturing,Optimization,GitHub Copilot
Software Engineer,Debug Python code,Legal,Learning,GitHub Copilot
Machine Learning Engineer,Debug Python code,Finance,Business Growth,GitHub Copilot
Machine Learning Engineer,Design chatbot,Startup,Research,GitHub Copilot
Machine Learning Engineer,Design chatbot,Legal,Optimization,GitHub Copilot
Machine Learning Engineer,Debug Python code,Education,Interview Preparation,GitHub Copilot
Machine Learning Engineer,Build prediction model,Finance,Automation,GitHub Copilot
Software Engineer,Debug Python code,Finance,Presentation,GitHub Copilot
Software Engineer,Design chatbot,Government,Academic Project,GitHub Copilot
Software Engineer,Debug Python code,Manufacturing,Research,GitHub Copilot
Machine Learning Engineer,Design chatbot,Education,Business Growth,GitHub Copilot
Software Engineer,Debug Python code,Legal,Deployment,GitHub Copilot
Machine Learning Engineer,Build prediction model,Retail,Business Growth,GitHub Copilot
Machine Learning Engineer,Build prediction model,Technology,Learning,GitHub Copilot
Machine Learning Engineer,Design chatbot,Retail,Decision Support,GitHub Copilot
Machine Learning Engineer,Design chatbot,Legal,Learning,GitHub Copilot
Machine Learning Engineer,Debug Python code,Healthcare,Decision Support,GitHub Copilot
Machine Learning Engineer,Design chatbot,Government,Interview Preparation,GitHub Copilot
Machine Learning Engineer,Debug Python code,Manufacturing,Research,GitHub Copilot
Software Engineer,Build prediction model,Legal,Automation,GitHub Copilot
Machine Learning Engineer,Design chatbot,E-commerce,Business Growth,GitHub Copilot
Software Engineer,Design chatbot,Finance,Learning,GitHub Copilot
Machine Learning Engineer,Design chatbot,Government,Research,GitHub Copilot
Software Engineer,Debug Python code,Education,Research,GitHub Copilot
Machine Learning Engineer,Design chatbot,Technology,Presentation,GitHub Copilot
Software Engineer,Debug Python code,Healthcare,Decision Support,GitHub Copilot
Software Engineer,Design chatbot,Startup,Business Growth,GitHub Copilot
Software Engineer,Debug Python code,Education,Interview Preparation,GitHub Copilot
Machine Learning Engineer,Design chatbot,Startup,Presentation,GitHub Copilot
Software Engineer,Design chatbot,Finance,Business Growth,GitHub Copilot
Machine Learning Engineer,Debug Python code,Government,Presentation,GitHub Copilot
Machine Learning Engineer,Design chatbot,Healthcare,Academic Project,GitHub Copilot
Machine Learning Engineer,Debug Python code,Healthcare,Automation,GitHub Copilot
Software Engineer,Design chatbot,Manufacturing,Research,GitHub Copilot
Software Engineer,Build prediction model,Government,Decision Support,GitHub Copilot
Machine Learning Engineer,Build prediction model,Startup,Automation,GitHub Copilot
Software Engineer,Debug Python code,E-commerce,Learning,GitHub Copilot
Software Engineer,Design chatbot,Technology,Academic Project,GitHub Copilot
Software Engineer,Debug Python code,Technology,Presentation,GitHub Copilot
Machine Learning Engineer,Debug Python code,E-commerce,Business Growth,GitHub Copilot
Machine Learning Engineer,Build prediction model,Healthcare,Interview Preparation,GitHub Copilot
Software Engineer,Debug Python code,Retail,Automation,GitHub Copilot
Machine Learning Engineer,Design chatbot,E-commerce,Interview Preparation,GitHub Copilot
Software Engineer,Design chatbot,Healthcare,Presentation,GitHub Copilot
Machine Learning Engineer,Build prediction model,Retail,Automation,GitHub Copilot
Machine Learning Engineer,Design chatbot,Retail,Research,GitHub Copilot
Software Engineer,Debug Python code,Government,Business Growth,GitHub Copilot
Machine Learning Engineer,Build prediction model,Legal,Presentation,GitHub Copilot
Machine Learning Engineer,Build prediction model,Education,Interview Preparation,GitHub Copilot
Software Engineer,Design chatbot,Finance,Decision Support,GitHub Copilot
Machine Learning Engineer,Build prediction model,Education,Optimization,GitHub Copilot
Machine Learning Engineer,Build prediction model,Legal,Academic Project,GitHub Copilot
Software Engineer,Debug Python code,Education,Business Growth,GitHub Copilot
Software Engineer,Design chatbot,E-commerce,Academic Project,GitHub Copilot
Machine Learning Engineer,Build prediction model,Retail,Decision Support,GitHub Copilot
Machine Learning Engineer,Debug Python code,Legal,Automation,GitHub Copilot
Software Engineer,Debug Python code,Retail,Academic Project,GitHub Copilot
Machine Learning Engineer,Build prediction model,Manufacturing,Deployment,GitHub Copilot
Machine Learning Engineer,Build prediction model,Healthcare,Academic Project,GitHub Copilot
Software Engineer,Build prediction model,Finance,Academic Project,GitHub Copilot
Machine Learning Engineer,Debug Python code,E-commerce,Decision Support,GitHub Copilot
Software Engineer,Build prediction model,Government,Learning,GitHub Copilot
Machine Learning Engineer,Build prediction model,Retail,Learning,GitHub Copilot
Software Engineer,Build prediction model,Manufacturing,Decision Support,GitHub Copilot
Machine Learning Engineer,Design chatbot,Legal,Decision Support,GitHub Copilot
Machine Learning Engineer,Build prediction model,Manufacturing,Deployment,GitHub Copilot
Software Engineer,Design chatbot,Government,Research,GitHub Copilot
Machine Learning Engineer,Design chatbot,Healthcare,Interview Preparation,GitHub Copilot
Software Engineer,Build prediction model,Education,Research,GitHub Copilot
Software Engineer,Debug Python code,Legal,Interview Preparation,GitHub Copilot
Software Engineer,Debug Python code,Healthcare,Presentation,GitHub Copilot
Software Engineer,Design chatbot,Legal,Optimization,GitHub Copilot
Machine Learning Engineer,Design chatbot,Finance,Optimization,GitHub Copilot
Software Engineer,Build prediction model,Finance,Deployment,GitHub Copilot
Machine Learning Engineer,Build prediction model,Technology,Academic Project,GitHub Copilot
Software Engineer,Build prediction model,Technology,Learning,GitHub Copilot
Machine Learning Engineer,Design chatbot,Manufacturing,Learning,GitHub Copilot
Software Engineer,Build prediction model,Manufacturing,Interview Preparation,GitHub Copilot
Software Engineer,Design chatbot,Government,Optimization,GitHub Copilot
Software Engineer,Debug Python code,Healthcare,Learning,GitHub Copilot
Software Engineer,Debug Python code,Manufacturing,Research,GitHub Copilot
Software Engineer,Design chatbot,Finance,Presentation,GitHub Copilot
Machine Learning Engineer,Design chatbot,Finance,Learning,GitHub Copilot
Software Engineer,Debug Python code,Retail,Decision Support,GitHub Copilot
Machine Learning Engineer,Build prediction model,Technology,Automation,GitHub Copilot
Software Engineer,Debug Python code,Finance,Research,GitHub Copilot
Software Engineer,Debug Python code,Manufacturing,Learning,GitHub Copilot
Software Engineer,Design chatbot,Legal,Optimization,GitHub Copilot
